﻿<?xml version="1.1" encoding="UTF-8" standalone="yes"?>
<addon id="repository.free" name="[COLOR gold][B]Ike.Free.Repo[/B][/COLOR]" version="0.1" provider-name="[COLOR lime][B]IKE[/B][/COLOR]">
	<extension point="xbmc.addon.repository" name="repository.free">
		<info compressed="false">https://raw.githubusercontent.com/ikesuncat/free/master/addons.xml</info>
		<checksum>https://raw.githubusercontent.com/ikesuncat/free/addons.xml.md5</checksum>
		<datadir zip="true">https://raw.githubusercontent.com/ikesuncat/free/master/repo/</datadir>
	</extension>
	<extension point="xbmc.addon.metadata">
		<summary>[COLOR blue][B]Ike.Free.Repo[/B][/COLOR]</summary>
		<description>[COLOR red][B]Ike.Free.Repo[/B][/COLOR]</description>
		<disclaimer></disclaimer>
		<platform>all</platform>
	</extension>
</addon>