<?xml version="1.0" encoding="UTF-8" standalone="yes"?>
<addon id="plugin.program.ike.clean"
       name="Ike.Clean"
       version="1.2"
       provider-name="Ike">
  <requires>
    <import addon="xbmc.python" version="2.1.0"/>
  </requires>
 	<extension point="xbmc.python.pluginsource" library="default.py">
		<provides>executable</provides>
	</extension> 
  <extension point="xbmc.service" library="service.py" start="startup" />
  <extension point="xbmc.addon.metadata">
    <platform>all</platform>
    <summary>Manutenção</summary>
    <description>Programa para uso exclusivo do Addon Ike.
	Ezy-Fork</description>
    <language></language>
    <license></license>
    <source></source>
    <forum></forum>
    <website></website>
  </extension>
</addon>
